name,email,date_of_birth,mobile_no,firstname,lastname,age,above_18,membership_id
Jennifer Vega,Jennifer_Vega@jenkins.net,19710307,6655 1251,Jennifer,Vega,50,True,Vega_91945
Aaron Wilson,Aaron_Wilson@burke-benton.net,19870517,75053391,Aaron,Wilson,34,True,Wilson_6845c
Samuel Lee,Samuel_Lee@gardner-rodriguez.net,19740902,57636831,Samuel,Lee,47,True,Lee_d3d5c
Jennifer Weaver,Jennifer_Weaver@patterson.com,19781015,74152151,Jennifer,Weaver,43,True,Weaver_feb81
Mr. Timothy Ortega,Timothy_Ortega@ramos.com,19980104,5931 2963,Timothy,Ortega,23,True,Ortega_17e39
Leonard Hamilton,Leonard_Hamilton@brown.com,19880229,76082775,Leonard,Hamilton,33,True,Hamilton_f2276
Kathy Phillips,Kathy_Phillips@floyd.com,19841216,57829247,Kathy,Phillips,37,True,Phillips_608c9
Danny Simmons,Danny_Simmons@morales.com,19631013,2631 3911,Danny,Simmons,58,True,Simmons_cd946
Jennifer Jimenez,Jennifer_Jimenez@morgan.com,19921121,59592559,Jennifer,Jimenez,29,True,Jimenez_5ed59
Penny Lopez,Penny_Lopez@young-huang.net,19540925,9959 6291,Penny,Lopez,67,True,Lopez_7b621
Victoria Lawson,Victoria_Lawson@snyder.com,19541204,24045823,Victoria,Lawson,67,True,Lawson_c755d
Michael Martinez,Michael_Martinez@hogan.net,19521107,40271975,Michael,Martinez,69,True,Martinez_bc0fc
Samantha Sullivan,Samantha_Sullivan@cunningham-williams.com,19600423,6491 3455,Samantha,Sullivan,61,True,Sullivan_61495
Dr. Paul Jones,Paul_Jones@clark-irwin.com,19940215,91301999,Paul,Jones,27,True,Jones_f903f
Danielle Tran,Danielle_Tran@mann.com,19880826,85246679,Danielle,Tran,33,True,Tran_40aaa
Marissa Jones,Marissa_Jones@lewis.net,19580806,32094119,Marissa,Jones,63,True,Jones_cdd9f
Elijah Roy,Elijah_Roy@jones-baldwin.com,19870705,57159015,Elijah,Roy,34,True,Roy_57ef7
Courtney Simpson,Courtney_Simpson@preston-cantrell.com,19731103,77314887,Courtney,Simpson,48,True,Simpson_7383f
Kimberly Hopkins,Kimberly_Hopkins@adams.com,19931022,67364511,Kimberly,Hopkins,28,True,Hopkins_56d12
William King,William_King@cline-allen.com,19841115,21561215,William,King,37,True,King_4ae33
Stephanie Robertson,Stephanie_Robertson@owen-rodriguez.com,20020805,75259367,Stephanie,Robertson,19,True,Robertson_c09d4
Rickey Hill,Rickey_Hill@parker-cohen.com,19640430,56465207,Rickey,Hill,57,True,Hill_bd6cc
Erika Stewart,Erika_Stewart@solis.com,19851226,83552695,Erika,Stewart,36,True,Stewart_40f40
Gregory Allen,Gregory_Allen@stanley.net,19780122,4887 1907,Gregory,Allen,43,True,Allen_c7f06
Christina Johnson,Christina_Johnson@clark.com,20010622,30262983,Christina,Johnson,20,True,Johnson_5dcd5
Kelli Wells,Kelli_Wells@jones.com,19540308,27406215,Kelli,Wells,67,True,Wells_5c2c0
Nathan Archer,Nathan_Archer@gray.com,19560723,72954367,Nathan,Archer,65,True,Archer_c6232
Michael Kline,Michael_Kline@phelps-alvarez.com,19650623,20968343,Michael,Kline,56,True,Kline_6fe75
Joshua Rodriguez,Joshua_Rodriguez@thornton-benitez.com,19530317,27953967,Joshua,Rodriguez,68,True,Rodriguez_1eec6
James Rodriguez,James_Rodriguez@logan.com,19810717,50981423,James,Rodriguez,40,True,Rodriguez_a7ea3
Robert Ortega,Robert_Ortega@perez.com,19600316,57040695,Robert,Ortega,61,True,Ortega_7f647
Teresa Ruiz,Teresa_Ruiz@holmes.com,19510904,22432447,Teresa,Ruiz,70,True,Ruiz_e89df
Madison Mejia,Madison_Mejia@sims.com,19530323,73824679,Madison,Mejia,68,True,Mejia_10b0a
James Bailey,James_Bailey@flynn.net,19861007,26146743,James,Bailey,35,True,Bailey_b3b3b
Mary Perry,Mary_Perry@williams.net,19730808,57879711,Mary,Perry,48,True,Perry_e8625
Crystal Jones,Crystal_Jones@webb.com,19620914,39588047,Crystal,Jones,59,True,Jones_85733
Aaron Brown,Aaron_Brown@yates.com,19860502,43815191,Aaron,Brown,35,True,Brown_9035e
Brian Contreras,Brian_Contreras@hill.net,19650708,8979 4399,Brian,Contreras,56,True,Contreras_91010
Tanya Barajas,Tanya_Barajas@davis.com,19740430,92793871,Tanya,Barajas,47,True,Barajas_c09f8
Ashley Frost,Ashley_Frost@brown-hill.com,19521020,1647 3423,Ashley,Frost,69,True,Frost_ddfa1
Samantha Rasmussen,Samantha_Rasmussen@stokes-leon.com,19940621,26634223,Samantha,Rasmussen,27,True,Rasmussen_0fcc4
Erica Weber,Erica_Weber@harris-fox.com,19930809,2007 4939,Erica,Weber,28,True,Weber_b3165
Amanda Campbell,Amanda_Campbell@parker.com,19810324,2195 4431,Amanda,Campbell,40,True,Campbell_fe47b
Vincent Martin,Vincent_Martin@wright-lee.com,19840124,55457087,Vincent,Martin,37,True,Martin_92713
Tony Crawford,Tony_Crawford@moore.com,19870818,15997263,Tony,Crawford,34,True,Crawford_a2a35
Randy Sullivan,Randy_Sullivan@perez.net,19611025,15665967,Randy,Sullivan,60,True,Sullivan_7d828
Kimberly Thompson,Kimberly_Thompson@brewer-walters.net,20001211,88531623,Kimberly,Thompson,21,True,Thompson_77cc8
William Hopkins,William_Hopkins@snyder.com,20010104,1227 7875,William,Hopkins,20,True,Hopkins_cfbfa
Martin Compton,Martin_Compton@morgan.com,19840602,42037887,Martin,Compton,37,True,Compton_395a9
Anthony Gross,Anthony_Gross@pratt.com,19660423,9219 3723,Anthony,Gross,55,True,Gross_9a287
Tracy Brown,Tracy_Brown@joyce.com,19720823,26044711,Tracy,Brown,49,True,Brown_8baf8
James Stanley,James_Stanley@beltran.com,20011008,5135 1887,James,Stanley,20,True,Stanley_a95cd
Norma Jenkins,Norma_Jenkins@larson.com,19570323,7807 1863,Norma,Jenkins,64,True,Jenkins_e5537
Leslie Preston,Leslie_Preston@johns.com,19720510,71892959,Leslie,Preston,49,True,Preston_d0922
Jay Parker,Jay_Parker@fowler.net,19930930,57583783,Jay,Parker,28,True,Parker_311d6
Lance Williams,Lance_Williams@williams.net,19730807,19310567,Lance,Williams,48,True,Williams_44d67
Carl Taylor,Carl_Taylor@melendez.com,19750112,2707 5015,Carl,Taylor,46,True,Taylor_10cf5
Brenda Dean,Brenda_Dean@allison-hill.com,19690215,5503 7019,Brenda,Dean,52,True,Dean_33bcc
Kathleen Allen,Kathleen_Allen@cook.com,19860113,38829559,Kathleen,Allen,35,True,Allen_b02ca
Patricia Olsen,Patricia_Olsen@haynes-blankenship.com,19981124,7067 3187,Patricia,Olsen,23,True,Olsen_98e22
Marie Lamb,Marie_Lamb@hampton.com,19790410,26841263,Marie,Lamb,42,True,Lamb_5dc6d
Nathan Flores,Nathan_Flores@gibbs.net,19790409,86883135,Nathan,Flores,42,True,Flores_a43fb
Ashley Caldwell,Ashley_Caldwell@mason-bryant.com,19880903,13420663,Ashley,Caldwell,33,True,Caldwell_aa013
David Frank,David_Frank@reyes-thomas.com,19680928,3119 2639,David,Frank,53,True,Frank_97c93
Renee Martin,Renee_Martin@crawford-walker.com,19810421,55803823,Renee,Martin,40,True,Martin_caab2
Keith Parker,Keith_Parker@moore.com,19640826,40120471,Keith,Parker,57,True,Parker_0793e
Ernest Blake,Ernest_Blake@long.com,19990621,2715 5511,Ernest,Blake,22,True,Blake_ed155
Melissa Levy,Melissa_Levy@arroyo.com,19500330,51842935,Melissa,Levy,71,True,Levy_bef91
Brandon Powell,Brandon_Powell@craig-gonzales.net,19760606,43375815,Brandon,Powell,45,True,Powell_fe4b6
Lisa Holloway MD,Lisa_Holloway@brown.com,19720102,7375 1431,Lisa,Holloway,49,True,Holloway_485d0
Kimberly Stone,Kimberly_Stone@murphy-bryant.com,19940512,25323999,Kimberly,Stone,27,True,Stone_1d9aa
Adam Jones,Adam_Jones@ashley.com,19730316,55082935,Adam,Jones,48,True,Jones_575ba
Richard Tucker,Richard_Tucker@murphy.com,19710625,5383 8335,Richard,Tucker,50,True,Tucker_0eb60
Elizabeth Andersen,Elizabeth_Andersen@baker.com,19740123,69096535,Elizabeth,Andersen,47,True,Andersen_61066
Destiny Lutz,Destiny_Lutz@thompson-wright.com,19940412,87853607,Destiny,Lutz,27,True,Lutz_3427f
Brandy Allen,Brandy_Allen@hardy-griffin.com,19810113,92130799,Brandy,Allen,40,True,Allen_54dd1
Stephanie Decker,Stephanie_Decker@barrett.net,19770905,92626639,Stephanie,Decker,44,True,Decker_0c2ca
Michelle Keller,Michelle_Keller@johnson.com,19510607,56139711,Michelle,Keller,70,True,Keller_80065
Stacey Yates,Stacey_Yates@lewis.com,19921208,30115967,Stacey,Yates,29,True,Yates_0613f
Sue Lee,Sue_Lee@rojas.com,19860829,97367575,Sue,Lee,35,True,Lee_f9df7
Anna Long,Anna_Long@coleman.com,19740316,52566967,Anna,Long,47,True,Long_850ab
Annette Watson,Annette_Watson@brown-brennan.com,19580423,67851175,Annette,Watson,63,True,Watson_6dc0c
Robert Perez,Robert_Perez@anderson-shaw.net,19690528,3887 6643,Robert,Perez,52,True,Perez_6ff11
James Thomas,James_Thomas@torres.net,19520509,58718239,James,Thomas,69,True,Thomas_6cc50
Kelli Olson,Kelli_Olson@campbell.net,19960723,50265023,Kelli,Olson,25,True,Olson_50aa7
Becky Reid,Becky_Reid@vargas.net,19751027,37025287,Becky,Reid,46,True,Reid_1bdd4
Wesley Shaw,Wesley_Shaw@henderson-gibson.com,19830121,76819471,Wesley,Shaw,38,True,Shaw_afe1c
Pamela Boyd,Pamela_Boyd@freeman.com,19680628,25030751,Pamela,Boyd,53,True,Boyd_94bd7
Jeremy Lewis,Jeremy_Lewis@murray.com,19530107,44159519,Jeremy,Lewis,68,True,Lewis_644d9
Jennifer Garza,Jennifer_Garza@herrera-klein.com,19890603,31999455,Jennifer,Garza,32,True,Garza_be6d1
Larry Wilson,Larry_Wilson@perry.com,19670221,5615 8527,Larry,Wilson,54,True,Wilson_0ce7d
Joshua Thompson,Joshua_Thompson@morrow.com,19840830,9899 9803,Joshua,Thompson,37,True,Thompson_9e058
Dennis Williams,Dennis_Williams@rivas.com,19661107,9399 3079,Dennis,Williams,55,True,Williams_874b3
Karen Morton,Karen_Morton@romero.com,19910410,3683 8791,Karen,Morton,30,True,Morton_e4bde
Joseph Perry,Joseph_Perry@tucker.com,19510616,16254071,Joseph,Perry,70,True,Perry_b530f
Heather Herman,Heather_Herman@williams-lindsey.com,19710606,97877423,Heather,Herman,50,True,Herman_0ab62
Laura Lopez,Laura_Lopez@rodriguez.com,19901221,72627367,Laura,Lopez,31,True,Lopez_ea347
Joel Webb,Joel_Webb@solis-swanson.com,19891009,3783 9071,Joel,Webb,32,True,Webb_5b693
Donna Malone,Donna_Malone@brown.com,19521007,8903 8207,Donna,Malone,69,True,Malone_73ad1
Reginald Barnes,Reginald_Barnes@walker-robinson.com,19730214,19884399,Reginald,Barnes,48,True,Barnes_f462c
Brett House,Brett_House@rose-clarke.com,19841126,9811 4087,Brett,House,37,True,House_3cb13
Robert Weaver,Robert_Weaver@young-leonard.com,19820218,39131199,Robert,Weaver,39,True,Weaver_201e1
Beth Martinez,Beth_Martinez@johnson.com,19681225,87909191,Beth,Martinez,53,True,Martinez_204f4
Nicole Small,Nicole_Small@nolan-randall.com,19570414,8255 3335,Nicole,Small,64,True,Small_09b68
Anthony Cline,Anthony_Cline@rivera-collier.net,19890125,6423 1171,Anthony,Cline,32,True,Cline_d04f7
Spencer Ware,Spencer_Ware@montgomery-lane.com,19801009,74599951,Spencer,Ware,41,True,Ware_0b5e6
Willie Erickson,Willie_Erickson@bartlett.com,19910110,53673855,Willie,Erickson,30,True,Erickson_3df9d
Daniel Nguyen,Daniel_Nguyen@mccall.com,19590903,37673823,Daniel,Nguyen,62,True,Nguyen_6a5e7
Leonard Martinez,Leonard_Martinez@mcbride.com,19560922,14452319,Leonard,Martinez,65,True,Martinez_7564a
Thomas Forbes,Thomas_Forbes@beck.com,19591023,2503 6935,Thomas,Forbes,62,True,Forbes_60d80
Robert Stephens,Robert_Stephens@lopez.com,20000619,92784815,Robert,Stephens,21,True,Stephens_5a6e3
Kevin Mayo,Kevin_Mayo@pope-jones.com,19761029,7623 4311,Kevin,Mayo,45,True,Mayo_d6f2e
Daniel Chen,Daniel_Chen@little.com,19520716,46750383,Daniel,Chen,69,True,Chen_7d3b1
Samuel Dalton,Samuel_Dalton@marquez.com,19960916,75194711,Samuel,Dalton,25,True,Dalton_32ce4
Heather Bennett,Heather_Bennett@hamilton-blair.com,20020105,64795847,Heather,Bennett,19,True,Bennett_dcbc8
Joshua King,Joshua_King@hale.net,20000106,99342223,Joshua,King,21,True,King_89592
Crystal Blake,Crystal_Blake@parker.com,19701117,97878511,Crystal,Blake,51,True,Blake_e7660
Heather Combs,Heather_Combs@powell.com,19590428,1851 8647,Heather,Combs,62,True,Combs_2d19f
Amanda Evans,Amanda_Evans@cox.com,19590224,92559519,Amanda,Evans,62,True,Evans_62a52
Sergio Day,Sergio_Day@guzman-garrett.com,19510531,27091295,Sergio,Day,70,True,Day_69b70
Julie Boyd,Julie_Boyd@white-george.com,19690906,47949079,Julie,Boyd,52,True,Boyd_9e514
Tara Barnes,Tara_Barnes@shepherd.com,19540801,4223 2079,Tara,Barnes,67,True,Barnes_bc727
Logan Watkins,Logan_Watkins@hernandez.com,20000511,87081215,Logan,Watkins,21,True,Watkins_c9964
Steven Ortiz,Steven_Ortiz@hamilton.com,19670605,15073183,Steven,Ortiz,54,True,Ortiz_c84c2
Lisa Marquez,Lisa_Marquez@day-smith.com,19710326,18443671,Lisa,Marquez,50,True,Marquez_7aa36
Sergio Hughes,Sergio_Hughes@cardenas.com,19810309,8695 4943,Sergio,Hughes,40,True,Hughes_0c3d2
Destiny Rojas,Destiny_Rojas@stanton.com,19860121,2735 1983,Destiny,Rojas,35,True,Rojas_1f285
Danny Lewis,Danny_Lewis@turner.com,19521225,4103 6747,Danny,Lewis,69,True,Lewis_07faf
Jennifer Martin,Jennifer_Martin@moore.com,19830527,83212175,Jennifer,Martin,38,True,Martin_82381
Arthur Chandler,Arthur_Chandler@martin.com,19610210,18438007,Arthur,Chandler,60,True,Chandler_4ab75
Cheryl Crosby,Cheryl_Crosby@bowman-potter.com,19580930,5403 2091,Cheryl,Crosby,63,True,Crosby_9b4b3
Ronald Hudson,Ronald_Hudson@carson.com,19511003,66192423,Ronald,Hudson,70,True,Hudson_01af1
Jennifer Lee,Jennifer_Lee@guerra-lopez.com,19500104,35305031,Jennifer,Lee,71,True,Lee_d7999
Gregory Yoder,Gregory_Yoder@robinson-johnson.com,19530620,75705319,Gregory,Yoder,68,True,Yoder_70108
Carolyn Harmon,Carolyn_Harmon@watts-horn.com,19980124,55977599,Carolyn,Harmon,23,True,Harmon_69598
Dr. Christopher Harrell,Christopher_Harrell@lindsey.com,19700630,52999479,Christopher,Harrell,51,True,Harrell_7257b
Kevin Johnson,Kevin_Johnson@rogers.com,19930802,15154639,Kevin,Johnson,28,True,Johnson_a67f3
Michael Harrison,Michael_Harrison@franklin.com,19510819,29087871,Michael,Harrison,70,True,Harrison_087c8
Terry Moore,Terry_Moore@barker-ayers.com,19870615,19828167,Terry,Moore,34,True,Moore_c62aa
James Rogers,James_Rogers@green.net,19930704,65821255,James,Rogers,28,True,Rogers_656af
Kathleen Tran,Kathleen_Tran@wilson.net,19740211,20044927,Kathleen,Tran,47,True,Tran_b0eca
Jacqueline Conway,Jacqueline_Conway@robinson-carson.com,19710617,91842383,Jacqueline,Conway,50,True,Conway_ae427
Chad Clark,Chad_Clark@hodges.com,19610919,5427 7383,Chad,Clark,60,True,Clark_35061
Maxwell Cole,Maxwell_Cole@larson.com,19510203,41796463,Maxwell,Cole,70,True,Cole_92aa4
Bethany Williamson,Bethany_Williamson@flores.com,19540310,40227935,Bethany,Williamson,67,True,Williamson_2b72a
Joseph Wright,Joseph_Wright@powell.net,19570521,40768583,Joseph,Wright,64,True,Wright_f1b73
Thomas Rogers,Thomas_Rogers@banks-perkins.net,19970819,3607 2875,Thomas,Rogers,24,True,Rogers_3818b
Jenny Lewis,Jenny_Lewis@flores.com,19970706,6247 5987,Jenny,Lewis,24,True,Lewis_11948
Heidi Bolton,Heidi_Bolton@spencer.com,19560616,58079023,Heidi,Bolton,65,True,Bolton_06e0a
Daniel Lewis,Daniel_Lewis@robertson.com,19770205,48084439,Daniel,Lewis,44,True,Lewis_e0082
Dale Ramirez,Dale_Ramirez@patton.com,19550323,59875791,Dale,Ramirez,66,True,Ramirez_63293
Carol Sharp,Carol_Sharp@garcia-lamb.com,19750312,18014567,Carol,Sharp,46,True,Sharp_7f0b3
Joseph Buck,Joseph_Buck@jacobs.com,19520311,34270063,Joseph,Buck,69,True,Buck_542b9
Lynn Anderson,Lynn_Anderson@williams-carter.com,19960113,75488911,Lynn,Anderson,25,True,Anderson_542fb
Emily Andrews,Emily_Andrews@reyes-singh.com,19550427,2059 4859,Emily,Andrews,66,True,Andrews_bbb39
Sarah Harris,Sarah_Harris@thomas-sanchez.com,20010530,52442775,Sarah,Harris,20,True,Harris_526ca
Victor Owens,Victor_Owens@collins.com,19960815,53064383,Victor,Owens,25,True,Owens_620f1
Kimberly Koch,Kimberly_Koch@rodriguez.net,19870125,35893839,Kimberly,Koch,34,True,Koch_43971
Allison Obrien,Allison_Obrien@bailey-sanders.com,19620423,81154631,Allison,Obrien,59,True,Obrien_00e34
John Rogers,John_Rogers@oneill.com,19710905,21046575,John,Rogers,50,True,Rogers_160f6
Laura Bailey,Laura_Bailey@snyder.com,19700811,5655 1543,Laura,Bailey,51,True,Bailey_13f67
Janet Collins,Janet_Collins@farrell.com,19840721,89424095,Janet,Collins,37,True,Collins_120bd
Kristin Lawson,Kristin_Lawson@salinas.com,19760111,36661711,Kristin,Lawson,45,True,Lawson_cbf97
James Castaneda,James_Castaneda@miller-hart.com,19640126,64715807,James,Castaneda,57,True,Castaneda_7660a
Michael Middleton,Michael_Middleton@williams-zamora.com,19810804,8511 4431,Michael,Middleton,40,True,Middleton_02dfc
Robert Ortiz,Robert_Ortiz@saunders-hunter.com,19761108,80296223,Robert,Ortiz,45,True,Ortiz_66abd
Connie Harper,Connie_Harper@lewis.com,19950627,21369119,Connie,Harper,26,True,Harper_709ac
Debbie Burns,Debbie_Burns@salinas.com,19830806,95570935,Debbie,Burns,38,True,Burns_f2b3a
Gabriel Preston,Gabriel_Preston@black.com,19961120,88336263,Gabriel,Preston,25,True,Preston_b6298
Steven Hodges,Steven_Hodges@sanchez-phillips.com,19510903,6579 5715,Steven,Hodges,70,True,Hodges_0c95a
Brandon Orozco,Brandon_Orozco@greene.com,19870717,59988495,Brandon,Orozco,34,True,Orozco_02d2b
Kari Nguyen,Kari_Nguyen@farley.com,19991119,47980591,Kari,Nguyen,22,True,Nguyen_6f546
Brittany Hill,Brittany_Hill@rogers-hoffman.com,19870605,90817791,Brittany,Hill,34,True,Hill_2c87a
Carrie Martinez,Carrie_Martinez@hendrix.com,19740124,96107743,Carrie,Martinez,47,True,Martinez_a7c33
Jeffery Hill,Jeffery_Hill@cook-lloyd.com,19591223,2607 1551,Jeffery,Hill,62,True,Hill_e24f9
Linda White,Linda_White@moore.com,19751015,84876711,Linda,White,46,True,White_e9960
Jake Spencer,Jake_Spencer@murphy.com,20020509,53533879,Jake,Spencer,19,True,Spencer_c21d7
Joseph Chan,Joseph_Chan@hutchinson-gutierrez.com,19660922,19544079,Joseph,Chan,55,True,Chan_f9d1e
Sara Dominguez,Sara_Dominguez@delgado.com,19860220,6911 4407,Sara,Dominguez,35,True,Dominguez_40133
Kathleen Ali,Kathleen_Ali@horn-rogers.com,19960602,45338687,Kathleen,Ali,25,True,Ali_a2746
Danielle Stephens,Danielle_Stephens@miller.net,19610929,16838823,Danielle,Stephens,60,True,Stephens_baaae
Ann Wolf,Ann_Wolf@wilkins.com,19801112,2691 6187,Ann,Wolf,41,True,Wolf_dbc29
Brianna Schaefer,Brianna_Schaefer@nelson-mcmahon.com,19761203,34700887,Brianna,Schaefer,45,True,Schaefer_ac7f3
Angela Morris,Angela_Morris@murray.com,19760702,89409391,Angela,Morris,45,True,Morris_9ba0c
Cristian Kelley,Cristian_Kelley@taylor-colon.net,19510108,2227 2647,Cristian,Kelley,70,True,Kelley_f3101
Jeffrey Turner,Jeffrey_Turner@robinson.com,19840112,3015 2387,Jeffrey,Turner,37,True,Turner_a2281
Jesse Perry,Jesse_Perry@marsh.net,19691013,4547 1479,Jesse,Perry,52,True,Perry_1c3c6
Ricardo Cruz,Ricardo_Cruz@salazar-manning.com,19780205,8343 6279,Ricardo,Cruz,43,True,Cruz_7bf56
Jessica Smith,Jessica_Smith@walsh-steele.com,19510531,97984639,Jessica,Smith,70,True,Smith_69b70
Brenda Long,Brenda_Long@carter.net,19510914,45992583,Brenda,Long,70,True,Long_f0fca
Megan Taylor,Megan_Taylor@montgomery.com,19930510,12610975,Megan,Taylor,28,True,Taylor_757b6
Kelly Morales,Kelly_Morales@sanchez.com,19800227,44799815,Kelly,Morales,41,True,Morales_3cabc
Sheri Johnson,Sheri_Johnson@lucas.com,19880422,34118127,Sheri,Johnson,33,True,Johnson_5c594
Lori Pacheco,Lori_Pacheco@ayala.com,19620630,94662495,Lori,Pacheco,59,True,Pacheco_7ccf5
Sandra Schmidt,Sandra_Schmidt@herrera.com,19590711,50638143,Sandra,Schmidt,62,True,Schmidt_be25c
Ms. Rachel Hill,Rachel_Hill@gutierrez.com,19541202,55824367,Rachel,Hill,67,True,Hill_2b641
Emily Case,Emily_Case@lewis.com,19850508,90216215,Emily,Case,36,True,Case_1fe51
Seth Alvarez,Seth_Alvarez@conrad.com,19800108,90929927,Seth,Alvarez,41,True,Alvarez_af321
Jose Reyes,Jose_Reyes@garcia.com,19700929,94563263,Jose,Reyes,51,True,Reyes_0a636
Zachary Le,Zachary_Le@whitaker.com,19851028,56441999,Zachary,Le,36,True,Le_44e84
Rhonda Anthony,Rhonda_Anthony@lawson.com,19740915,12850551,Rhonda,Anthony,47,True,Anthony_91ec3
Joseph Hill,Joseph_Hill@rodriguez-newton.com,20020923,89902687,Joseph,Hill,19,True,Hill_0d4d9
Erin Davis,Erin_Davis@sanchez.net,19600917,22992863,Erin,Davis,61,True,Davis_dbcb2
Lucas Brown,Lucas_Brown@miller.com,19891101,34675679,Lucas,Brown,32,True,Brown_1ebf8
William Garcia,William_Garcia@powell.com,19850912,25729991,William,Garcia,36,True,Garcia_72e9b
Lauren Swanson,Lauren_Swanson@pena-pierce.com,19610921,85204407,Lauren,Swanson,60,True,Swanson_b3ea5
John Frank,John_Frank@martin.com,19500519,42691023,John,Frank,71,True,Frank_4dfb9
Tony Perry,Tony_Perry@lewis-holland.com,19730910,1123 1827,Tony,Perry,48,True,Perry_d9da1
Nicole Schmidt,Nicole_Schmidt@stephens.com,19651109,86157423,Nicole,Schmidt,56,True,Schmidt_54bf2
Nathan Gray,Nathan_Gray@scott-gonzalez.com,19960618,48983767,Nathan,Gray,25,True,Gray_15cd6
Nichole Delgado,Nichole_Delgado@dixon-cruz.com,19720305,60338223,Nichole,Delgado,49,True,Delgado_f68ba
Raven Ford,Raven_Ford@mcdowell.com,19960213,1351 9207,Raven,Ford,25,True,Ford_36701
Marcus Rodriguez,Marcus_Rodriguez@jones.com,19690511,23424599,Marcus,Rodriguez,52,True,Rodriguez_3a35b
Daniel Grimes,Daniel_Grimes@keith.com,19821126,6151 8103,Daniel,Grimes,39,True,Grimes_2efc5
Samuel Solomon,Samuel_Solomon@wolf.net,19871230,26166751,Samuel,Solomon,34,True,Solomon_23bae
Katrina Miller,Katrina_Miller@grimes.com,19540308,81240247,Katrina,Miller,67,True,Miller_5c2c0
Raymond Conner,Raymond_Conner@oneal-johnson.com,19970128,95736583,Raymond,Conner,24,True,Conner_71970
Cory Garcia,Cory_Garcia@evans-benson.com,19550202,8655 5943,Cory,Garcia,66,True,Garcia_14ae7
Lori Fuller,Lori_Fuller@gordon.com,19680101,54288255,Lori,Fuller,54,True,Fuller_9068b
Corey Wilson,Corey_Wilson@hoover-hernandez.com,19531011,39467535,Corey,Wilson,68,True,Wilson_da57e
Denise Dominguez,Denise_Dominguez@long.com,19660628,2823 5547,Denise,Dominguez,55,True,Dominguez_db12a
Holly James,Holly_James@macdonald.com,19641104,62732175,Holly,James,57,True,James_e7a3a
Alicia Mccarty,Alicia_Mccarty@beasley.com,19820916,57669519,Alicia,Mccarty,39,True,Mccarty_a4b9d
Zoe Christian,Zoe_Christian@grant.com,19990319,22170983,Zoe,Christian,22,True,Christian_90eb3
Nicholas Watson,Nicholas_Watson@williams.com,19620403,72181751,Nicholas,Watson,59,True,Watson_61db6
Mrs. Shirley Ruiz,Shirley_Ruiz@house-gay.com,19720812,2375 9691,Shirley,Ruiz,49,True,Ruiz_956d3
Victoria Wood,Victoria_Wood@proctor-baker.com,19910622,13955959,Victoria,Wood,30,True,Wood_67f27
Jillian Knight,Jillian_Knight@davenport.com,19881108,20417711,Jillian,Knight,33,True,Knight_10192
Ryan Fisher,Ryan_Fisher@fletcher.com,19871030,63505855,Ryan,Fisher,34,True,Fisher_27703
Stephanie Howe,Stephanie_Howe@allen.com,19630905,37283343,Stephanie,Howe,58,True,Howe_a7c94
Kenneth Kim,Kenneth_Kim@duran.com,19990505,37818767,Kenneth,Kim,22,True,Kim_c0e4a
Andrew Macias,Andrew_Macias@douglas.com,19661013,28232535,Andrew,Macias,55,True,Macias_a4116
Lisa Jackson,Lisa_Jackson@morton-lowe.com,19730114,8239 3203,Lisa,Jackson,48,True,Jackson_89ce6
Elizabeth Huffman,Elizabeth_Huffman@zamora.com,19580918,15486151,Elizabeth,Huffman,63,True,Huffman_fb25a
Christina Stone,Christina_Stone@medina.com,19930320,34449775,Christina,Stone,28,True,Stone_9ab9f
Miranda Mata,Miranda_Mata@martin.com,19930124,6163 2395,Miranda,Mata,28,True,Mata_53cfc
Alexander Merritt,Alexander_Merritt@butler.net,19800913,33574735,Alexander,Merritt,41,True,Merritt_696fd
Austin Alexander,Austin_Alexander@ortiz.com,19950418,1263 8703,Austin,Alexander,26,True,Alexander_12438
Kelly Sanders,Kelly_Sanders@coleman.com,19520413,29703695,Kelly,Sanders,69,True,Sanders_e9c2f
Matthew Jones,Matthew_Jones@arnold.com,20000615,98616991,Matthew,Jones,21,True,Jones_fae51
Donna Juarez,Donna_Juarez@sanders-briggs.com,19550612,6031 3867,Donna,Juarez,66,True,Juarez_ab899
Sarah David,Sarah_David@collier.net,19981216,97218247,Sarah,David,23,True,David_39e9f
Carmen Barajas,Carmen_Barajas@smith.com,19810526,34685455,Carmen,Barajas,40,True,Barajas_62836
Angela Johnson,Angela_Johnson@stewart.com,19840827,62439103,Angela,Johnson,37,True,Johnson_5dcba
Melissa Sparks,Melissa_Sparks@sanchez-stevenson.com,19930802,27530863,Melissa,Sparks,28,True,Sparks_a67f3
Rebecca Serrano,Rebecca_Serrano@martin.com,19650726,4839 6631,Rebecca,Serrano,56,True,Serrano_c59d5
Katherine Hill,Katherine_Hill@tran.com,19830918,37709951,Katherine,Hill,38,True,Hill_e971e
Kristin Hart,Kristin_Hart@ortega.com,19661217,36255543,Kristin,Hart,55,True,Hart_3b264
Jacqueline Ho,Jacqueline_Ho@henry.com,19610131,75359367,Jacqueline,Ho,60,True,Ho_73551
Tyler Rodriguez,Tyler_Rodriguez@nelson.com,19691123,3831 6039,Tyler,Rodriguez,52,True,Rodriguez_c3743
Michael Knight,Michael_Knight@davidson.com,19870408,71412263,Michael,Knight,34,True,Knight_e66ab
Heather Arroyo,Heather_Arroyo@martinez.com,19790709,36165719,Heather,Arroyo,42,True,Arroyo_44022
Lori Larson,Lori_Larson@flowers.com,19630807,38397103,Lori,Larson,58,True,Larson_06714
Lindsay Lopez,Lindsay_Lopez@foster.net,19820123,6251 9943,Lindsay,Lopez,39,True,Lopez_b6ee8
David Vazquez,David_Vazquez@davila-beck.com,19900612,57160871,David,Vazquez,31,True,Vazquez_13d09
Karen Salazar,Karen_Salazar@wu-cohen.com,19950502,8939 4439,Karen,Salazar,26,True,Salazar_cf1ae
Sherry Hicks,Sherry_Hicks@stout-nicholson.com,19611127,12514111,Sherry,Hicks,60,True,Hicks_5e5f2
Sarah Davila,Sarah_Davila@nash.com,19790906,46685303,Sarah,Davila,42,True,Davila_1977b
Karen Oneill,Karen_Oneill@gomez.com,19921004,72265879,Karen,Oneill,29,True,Oneill_7278c
Nicholas Mills,Nicholas_Mills@williams.com,19631001,68844231,Nicholas,Mills,58,True,Mills_f511a
Jennifer Montgomery,Jennifer_Montgomery@estrada-cole.com,19710715,53834071,Jennifer,Montgomery,50,True,Montgomery_1a334
Cynthia Bailey,Cynthia_Bailey@oneill.com,19790825,48942719,Cynthia,Bailey,42,True,Bailey_13beb
John Wright,John_Wright@harris.com,19831019,96650335,John,Wright,38,True,Wright_fefcf
Kelsey Miller,Kelsey_Miller@anderson-green.com,19781107,4567 6055,Kelsey,Miller,43,True,Miller_d6676
Sheila Brown,Sheila_Brown@stevens-edwards.com,19821128,32490999,Sheila,Brown,39,True,Brown_565a7
Lisa Moore,Lisa_Moore@ramos.com,19941119,99493567,Lisa,Moore,27,True,Moore_a6529
Brianna Haynes,Brianna_Haynes@garcia.com,19980401,1215 3303,Brianna,Haynes,23,True,Haynes_dd4da
Julian Newman,Julian_Newman@haynes.com,19580313,49873159,Julian,Newman,63,True,Newman_15a27
Thomas Ferguson,Thomas_Ferguson@guzman.com,19591213,28787319,Thomas,Ferguson,62,True,Ferguson_fb458
David Swanson,David_Swanson@gregory.com,20021220,1675 3799,David,Swanson,19,True,Swanson_0be9c
Kathryn Dyer,Kathryn_Dyer@walker.com,19591210,5787 3103,Kathryn,Dyer,62,True,Dyer_7b5ce
Lauren Rodriguez,Lauren_Rodriguez@soto.com,19931016,27106623,Lauren,Rodriguez,28,True,Rodriguez_a9b99
Jeffrey Rodriguez,Jeffrey_Rodriguez@trujillo.com,19900331,5647 2143,Jeffrey,Rodriguez,31,True,Rodriguez_f1303
Richard Anderson,Richard_Anderson@white.com,19580607,66751511,Richard,Anderson,63,True,Anderson_7118f
Andrea Huynh,Andrea_Huynh@dixon-smith.com,19890929,2679 9851,Andrea,Huynh,32,True,Huynh_1735e
Brian Allen,Brian_Allen@conway.com,19560101,9323 3303,Brian,Allen,66,True,Allen_013af
Jacqueline Peck,Jacqueline_Peck@smith-miller.com,19590210,6051 2219,Jacqueline,Peck,62,True,Peck_723a2
Jessica Lee,Jessica_Lee@brown-baxter.com,19670124,89410823,Jessica,Lee,54,True,Lee_7f12f
Martin Allen,Martin_Allen@steele.com,20020924,99969439,Martin,Allen,19,True,Allen_7a4f2
Jason Mcdaniel,Jason_Mcdaniel@wood.com,19650403,6859 1887,Jason,Mcdaniel,56,True,Mcdaniel_50061
Angela Mitchell,Angela_Mitchell@moreno-evans.com,19690105,50190223,Angela,Mitchell,52,True,Mitchell_06d3f
Derrick Sanchez,Derrick_Sanchez@mitchell.com,19700424,97980535,Derrick,Sanchez,51,True,Sanchez_9f266
Christine Ellis,Christine_Ellis@blackwell.com,19980617,69393823,Christine,Ellis,23,True,Ellis_b9ff0
Alyssa Salinas,Alyssa_Salinas@robbins.com,19980710,41363847,Alyssa,Salinas,23,True,Salinas_8ad1c
Mr. Kevin Walsh,Kevin_Walsh@hamilton.net,19920805,63251375,Kevin,Walsh,29,True,Walsh_8cd29
Stuart Daniels,Stuart_Daniels@castro.com,20020317,3855 1603,Stuart,Daniels,19,True,Daniels_c934d
Kenneth Knox,Kenneth_Knox@zamora.com,19990626,47904991,Kenneth,Knox,22,True,Knox_d64ed
Steve Mitchell,Steve_Mitchell@adkins-russell.com,19751027,98789479,Steve,Mitchell,46,True,Mitchell_1bdd4
Craig Hendricks,Craig_Hendricks@garcia-higgins.com,19951018,51721063,Craig,Hendricks,26,True,Hendricks_a352c
Ricky Kerr,Ricky_Kerr@gonzalez-martinez.com,19510625,43238807,Ricky,Kerr,70,True,Kerr_a02d8
Gloria Aguilar,Gloria_Aguilar@dorsey-donaldson.com,19690606,69773231,Gloria,Aguilar,52,True,Aguilar_d3661
Mr. Gerald Hall PhD,Gerald_Hall@kim-chapman.com,19711007,5395 4823,Gerald,Hall,50,True,Hall_0bc14
Alexander Knight,Alexander_Knight@doyle.com,19740812,41639975,Alexander,Knight,47,True,Knight_7e064
Joseph Cross,Joseph_Cross@mason-shaw.net,19530126,35750023,Joseph,Cross,68,True,Cross_36c08
Dr. Joel Myers PhD,Joel_Myers@smith-willis.net,19720920,49665991,Joel,Myers,49,True,Myers_1466d
Michael Mckee,Michael_Mckee@gordon.com,20000917,87409327,Michael,Mckee,21,True,Mckee_92c0e
Roy Park,Roy_Park@rodriguez-west.com,19551029,69451423,Roy,Park,66,True,Park_a639e
Jonathan Castro,Jonathan_Castro@sandoval.com,19700409,95059239,Jonathan,Castro,51,True,Castro_49d90
Richard Carroll,Richard_Carroll@massey-gardner.com,19610526,61422551,Richard,Carroll,60,True,Carroll_78391
Michelle Fletcher,Michelle_Fletcher@anderson.com,19831024,15665159,Michelle,Fletcher,38,True,Fletcher_e6fff
Carol Murphy,Carol_Murphy@lowe.com,19640317,54241135,Carol,Murphy,57,True,Murphy_ecd95
Michael Russell,Michael_Russell@orozco.com,19680308,24280095,Michael,Russell,53,True,Russell_203e4
Shawna Andrews,Shawna_Andrews@freeman.com,19981115,12022295,Shawna,Andrews,23,True,Andrews_776f9
Dana Hernandez,Dana_Hernandez@jackson.com,19940126,50236391,Dana,Hernandez,27,True,Hernandez_3d7b1
Lauren Harris,Lauren_Harris@long.com,19780811,42605007,Lauren,Harris,43,True,Harris_e20bd
Andrea Dennis,Andrea_Dennis@smith-goodman.com,19570926,1715 3399,Andrea,Dennis,64,True,Dennis_14df3
John Mendoza,John_Mendoza@mahoney.com,19850519,85845135,John,Mendoza,36,True,Mendoza_fa60d
Jeremy Krueger,Jeremy_Krueger@haley.com,19830715,3735 8751,Jeremy,Krueger,38,True,Krueger_b37c9
Wendy Smith,Wendy_Smith@smith-webb.com,19700128,60349279,Wendy,Smith,51,True,Smith_85c0b
Leslie Diaz,Leslie_Diaz@thomas-shelton.com,19570430,57506727,Leslie,Diaz,64,True,Diaz_0bd1d
Grant Snyder,Grant_Snyder@gonzales.com,19731031,23872143,Grant,Snyder,48,True,Snyder_d3f05
Brandi Jenkins,Brandi_Jenkins@miller.com,19651228,79308567,Brandi,Jenkins,56,True,Jenkins_27fe6
Amy Haynes,Amy_Haynes@levy.com,19600314,41563455,Amy,Haynes,61,True,Haynes_18bc2
John Roberts,John_Roberts@hendricks.com,19540315,16513279,John,Roberts,67,True,Roberts_d606a
Carrie Nelson,Carrie_Nelson@archer-murphy.com,19510609,49242255,Carrie,Nelson,70,True,Nelson_fde1d
Jacob Hood,Jacob_Hood@evans.com,19560208,24204143,Jacob,Hood,65,True,Hood_bb6b9
Tracy Charles,Tracy_Charles@rowe.com,19931108,62200511,Tracy,Charles,28,True,Charles_02485
Heather Miller,Heather_Miller@taylor.net,19530128,3703 5727,Heather,Miller,68,True,Miller_28ba0
Brandon Johnson,Brandon_Johnson@ramirez.com,19851003,60862935,Brandon,Johnson,36,True,Johnson_8eba4
Kevin Cook,Kevin_Cook@cox-stewart.com,19780913,7123 9915,Kevin,Cook,43,True,Cook_a5121
Derrick Lane,Derrick_Lane@yates.com,19890916,6583 7219,Derrick,Lane,32,True,Lane_24958
Wendy Nelson,Wendy_Nelson@day.com,19650108,59119063,Wendy,Nelson,56,True,Nelson_f7fc3
Jasmine Ramsey,Jasmine_Ramsey@jackson.com,19500407,16447279,Jasmine,Ramsey,71,True,Ramsey_843ef
William Beltran,William_Beltran@bean.com,19850313,16495975,William,Beltran,36,True,Beltran_b42ac
Albert Jefferson,Albert_Jefferson@diaz-bailey.com,19841117,3291 9607,Albert,Jefferson,37,True,Jefferson_84127
Jessica Ferguson,Jessica_Ferguson@young.com,19670129,7803 3235,Jessica,Ferguson,54,True,Ferguson_8004f
Gerald Stuart,Gerald_Stuart@strong.net,19950810,98421991,Gerald,Stuart,26,True,Stuart_42d02
Jacob Vaughan,Jacob_Vaughan@martinez.com,19830908,69615007,Jacob,Vaughan,38,True,Vaughan_40056
Matthew Fuentes,Matthew_Fuentes@miranda.com,19660329,33411447,Matthew,Fuentes,55,True,Fuentes_0598c
April Carpenter,April_Carpenter@page.com,19710929,97274415,April,Carpenter,50,True,Carpenter_4acee
Rachel Garcia,Rachel_Garcia@neal.com,19961021,87786127,Rachel,Garcia,25,True,Garcia_d383b
Patrick Madden,Patrick_Madden@sanders.com,19941101,35389647,Patrick,Madden,27,True,Madden_d8100
Angela Myers,Angela_Myers@rodriguez.com,19740126,59457063,Angela,Myers,47,True,Myers_96365
Wayne Baker,Wayne_Baker@brown.com,19671227,92067207,Wayne,Baker,54,True,Baker_726e6
Haley Cox,Haley_Cox@lewis.com,19641001,27911351,Haley,Cox,57,True,Cox_c2d50
Dan Sanders,Dan_Sanders@klein-hernandez.com,19500813,30043759,Dan,Sanders,71,True,Sanders_65a5d
Timothy Boyle,Timothy_Boyle@roach.net,19840608,4903 3195,Timothy,Boyle,37,True,Boyle_7540a
Thomas Fisher,Thomas_Fisher@phillips.com,19850415,99090999,Thomas,Fisher,36,True,Fisher_cd40a
Taylor Lopez,Taylor_Lopez@jones-salazar.com,19570522,17889439,Taylor,Lopez,64,True,Lopez_d2a7d
Cynthia Ortiz MD,Cynthia_Ortiz@mathis.com,19590706,9159 1279,Cynthia,Ortiz,62,True,Ortiz_fed1f
Jeffrey Macias,Jeffrey_Macias@cox.com,19900310,98485783,Jeffrey,Macias,31,True,Macias_76606
Brian Drake,Brian_Drake@hurst-price.net,19621102,83466007,Brian,Drake,59,True,Drake_1697c
Anna Austin,Anna_Austin@mcguire.com,19991122,8375 8091,Anna,Austin,22,True,Austin_69ddb
Joel Clark,Joel_Clark@mcclain.com,19580712,6515 9231,Joel,Clark,63,True,Clark_b1291
Deborah Olson,Deborah_Olson@greene.com,19570805,9211 8339,Deborah,Olson,64,True,Olson_4c0a6
Michael Love,Michael_Love@rodriguez-martinez.net,20020321,4103 3095,Michael,Love,19,True,Love_01195
Timothy Jordan,Timothy_Jordan@young.com,19991228,77411263,Timothy,Jordan,22,True,Jordan_26d57
Kathy Leblanc,Kathy_Leblanc@warren-gray.com,19810227,69067343,Kathy,Leblanc,40,True,Leblanc_25e89
William Floyd,William_Floyd@duran.com,19720713,27758191,William,Floyd,49,True,Floyd_ee7c0
Angela Hayden,Angela_Hayden@barry.net,19960623,28574351,Angela,Hayden,25,True,Hayden_44dbe
Renee Hodges,Renee_Hodges@hamilton.com,19871228,63899519,Renee,Hodges,34,True,Hodges_c3205
Samantha Miller,Samantha_Miller@mcmahon.com,19650406,41451647,Samantha,Miller,56,True,Miller_b1a7b
Lauren Orozco,Lauren_Orozco@sanchez.com,20000126,71540231,Lauren,Orozco,21,True,Orozco_32e5d
Destiny Johns,Destiny_Johns@hayes.com,19731201,8923 3575,Destiny,Johns,48,True,Johns_bd350
Jennifer Davis,Jennifer_Davis@nguyen.com,19931018,7251 3603,Jennifer,Davis,28,True,Davis_d9ba6
April Owen,April_Owen@sanchez.com,19670923,16552967,April,Owen,54,True,Owen_1c1c8
Mr. Evan Russell,Evan_Russell@ferguson.net,19590120,75209343,Evan,Russell,62,True,Russell_eeae9
Jordan Cruz,Jordan_Cruz@clark-dickerson.com,19580323,4235 5435,Jordan,Cruz,63,True,Cruz_a019e
Brent Castaneda,Brent_Castaneda@garcia.com,19580307,80875871,Brent,Castaneda,63,True,Castaneda_1e9a5
Gregory Peters,Gregory_Peters@ray.net,19900902,78256247,Gregory,Peters,31,True,Peters_62c2d
Jason Malone,Jason_Malone@allen.com,19550503,4727 8299,Jason,Malone,66,True,Malone_82057
Matthew Salazar,Matthew_Salazar@jones-jones.com,19991211,50895327,Matthew,Salazar,22,True,Salazar_8a391
Martin Morris,Martin_Morris@garcia.com,19930810,4719 3651,Martin,Morris,28,True,Morris_ed007
Natasha Martinez,Natasha_Martinez@west.com,19680418,55194439,Natasha,Martinez,53,True,Martinez_fa7cb
Charles Powell,Charles_Powell@knight.com,19970906,47215879,Charles,Powell,24,True,Powell_89e26
Brian Powell,Brian_Powell@hernandez.com,19591115,67153775,Brian,Powell,62,True,Powell_c3379
Laura Sandoval,Laura_Sandoval@brown.com,19860913,17475623,Laura,Sandoval,35,True,Sandoval_6592d
Mr. Charles Gonzalez,Charles_Gonzalez@navarro.com,19710404,94465511,Charles,Gonzalez,50,True,Gonzalez_bc4a4
Nicholas Caldwell,Nicholas_Caldwell@hurley-bass.com,19770714,42525999,Nicholas,Caldwell,44,True,Caldwell_92d76
Brian Wyatt,Brian_Wyatt@wright-young.com,19581211,63631399,Brian,Wyatt,63,True,Wyatt_ac546
Ryan Garcia,Ryan_Garcia@vazquez-wells.com,19930815,26856535,Ryan,Garcia,28,True,Garcia_a540e
Megan Anderson,Megan_Anderson@wilson-murillo.com,19700729,21736903,Megan,Anderson,51,True,Anderson_a86c0
Pamela Hughes,Pamela_Hughes@charles-costa.com,19870613,40181295,Pamela,Hughes,34,True,Hughes_5403f
Tiffany Scott,Tiffany_Scott@davis.com,19861110,76272207,Tiffany,Scott,35,True,Scott_af31d
Stanley Conway,Stanley_Conway@adams.com,19850905,71853567,Stanley,Conway,36,True,Conway_b17c3
Yolanda Petty,Yolanda_Petty@dunlap-brown.com,19910125,69674519,Yolanda,Petty,30,True,Petty_89b4f
Emily Oneal,Emily_Oneal@gutierrez.com,19580118,4915 2079,Emily,Oneal,63,True,Oneal_1a34f
Tara Jones,Tara_Jones@blankenship.net,19850303,49275455,Tara,Jones,36,True,Jones_7290c
Christine Cohen,Christine_Cohen@rich-bell.com,19940621,8023 2231,Christine,Cohen,27,True,Cohen_0fcc4
Daniel Gutierrez,Daniel_Gutierrez@santana-bryan.com,19571103,9379 9931,Daniel,Gutierrez,64,True,Gutierrez_8e2f3
George Williams,George_Williams@patton.com,19810319,69991287,George,Williams,40,True,Williams_c20d3
Lori Allen,Lori_Allen@valdez-phillips.com,20020916,28175727,Lori,Allen,19,True,Allen_8c000
Charles Kelly,Charles_Kelly@dalton.com,19690401,62777351,Charles,Kelly,52,True,Kelly_0c61d
Jonathan Villa,Jonathan_Villa@suarez.com,19751203,80471287,Jonathan,Villa,46,True,Villa_19bdd
Cindy Jackson,Cindy_Jackson@garcia-burch.com,19670727,60954247,Cindy,Jackson,54,True,Jackson_40b1b
Scott Williams,Scott_Williams@keller-wong.com,19800308,85799255,Scott,Williams,41,True,Williams_10ae3
Dylan Hernandez,Dylan_Hernandez@singleton-johnson.com,19950301,31405951,Dylan,Hernandez,26,True,Hernandez_04544
Michelle Garcia,Michelle_Garcia@lynch.com,19801017,52895823,Michelle,Garcia,41,True,Garcia_6967c
Matthew Bailey,Matthew_Bailey@benjamin.com,19870728,39436023,Matthew,Bailey,34,True,Bailey_255ab
Kristin Edwards,Kristin_Edwards@short.com,19820603,2243 5107,Kristin,Edwards,39,True,Edwards_e7bbf
Kristen Kirk,Kristen_Kirk@ayers.com,19590823,9799 3751,Kristen,Kirk,62,True,Kirk_079a3
Ruth Carrillo,Ruth_Carrillo@paul.com,19790905,4375 1451,Ruth,Carrillo,42,True,Carrillo_d036e
Jacob Stephenson,Jacob_Stephenson@larson-stevenson.net,19541111,7535 9427,Jacob,Stephenson,67,True,Stephenson_dd890
Curtis Flynn,Curtis_Flynn@cook-drake.com,19780926,58787463,Curtis,Flynn,43,True,Flynn_066c3
Thomas Perez,Thomas_Perez@greene-lopez.com,19630220,96377439,Thomas,Perez,58,True,Perez_7a5c3
Sheri Kline,Sheri_Kline@hinton.com,19940609,33546343,Sheri,Kline,27,True,Kline_e724e
Mr. Jeff Baker,Jeff_Baker@bentley.com,19670424,57871767,Jeff,Baker,54,True,Baker_4cd37
William Powell,William_Powell@harrell.com,19670721,7183 2243,William,Powell,54,True,Powell_d1cfb
Shannon Thomas,Shannon_Thomas@dawson-alexander.com,19680903,18892279,Shannon,Thomas,53,True,Thomas_2a3b9
Jeffrey Murray,Jeffrey_Murray@jones.net,19821221,27473887,Jeffrey,Murray,39,True,Murray_8d3f7
Carla Jackson,Carla_Jackson@morris.com,19940715,4427 5151,Carla,Jackson,27,True,Jackson_5ae26
Kristin Wagner,Kristin_Wagner@clayton.com,19970129,66045343,Kristin,Wagner,24,True,Wagner_83f4e
Kathleen Rodriguez,Kathleen_Rodriguez@frost-james.com,19671005,6539 7891,Kathleen,Rodriguez,54,True,Rodriguez_3b414
Nicole Shea,Nicole_Shea@mcclure.com,19560102,28795599,Nicole,Shea,65,True,Shea_abeb3
